<?xml version="1.0" encoding="utf-8"?>
<databaseChangeLog
    xmlns="http://www.liquibase.org/xml/ns/dbchangelog"
    xmlns:ext="http://www.liquibase.org/xml/ns/dbchangelog-ext"
    xmlns:xsi="http://www.w3.org/2001/XMLSchema-instance"
    xsi:schemaLocation="http://www.liquibase.org/xml/ns/dbchangelog http://www.liquibase.org/xml/ns/dbchangelog/dbchangelog-3.5.xsd
                        http://www.liquibase.org/xml/ns/dbchangelog-ext http://www.liquibase.org/xml/ns/dbchangelog/dbchangelog-ext.xsd">

    <property name="now" value="now()" dbms="h2"/>

    <property name="now" value="now()" dbms="mysql"/>
    <property name="autoIncrement" value="true"/>

    <property name="floatType" value="float4" dbms="postgresql, h2"/>
    <property name="floatType" value="float" dbms="mysql, oracle, mssql"/>

    <!--
        Added the entity Country.
    -->
    <changeSet id="20181220143638-1" author="jhipster">
        <createTable tableName="country">
            <column name="id" type="bigint" autoIncrement="${autoIncrement}">
                <constraints primaryKey="true" nullable="false"/>
            </column>
            <column name="code" type="varchar(3)">
                <constraints nullable="false" />
            </column>

            <column name="name" type="varchar(52)">
                <constraints nullable="false" />
            </column>

            <column name="continent" type="varchar(255)">
                <constraints nullable="false" />
            </column>

            <column name="region" type="varchar(26)">
                <constraints nullable="false" />
            </column>

            <column name="surface_area" type="${floatType}">
                <constraints nullable="false" />
            </column>

            <column name="population" type="integer">
                <constraints nullable="false" />
            </column>

            <column name="life_expectancy" type="${floatType}">
                <constraints nullable="true" />
            </column>

            <column name="local_name" type="varchar(45)">
                <constraints nullable="false" />
            </column>

            <column name="government_form" type="varchar(45)">
                <constraints nullable="false" />
            </column>

            <!-- jhipster-needle-liquibase-add-column - JHipster will add columns here, do not remove-->
        </createTable>
        
    </changeSet>
    <!-- jhipster-needle-liquibase-add-changeset - JHipster will add changesets here, do not remove-->
</databaseChangeLog>
